{
  "validate": {
    "done": true,
    "timestamp": 1783525629.1721017,
    "data": {}
  },
  "parse": {
    "done": true,
    "timestamp": 1783525629.2364597,
    "data": {}
  },
  "prompts": {
    "done": true,
    "timestamp": 1783525694.9544344,
    "data": {}
  },
  "validate_images": {
    "done": true,
    "timestamp": 1783526031.3300865,
    "data": {
      "issues": 3
    }
  },
  "timeline": {
    "done": true,
    "timestamp": 1783526031.4141285,
    "data": {
      "totalFrames": 819
    }
  },
  "sfx": {
    "done": true,
    "timestamp": 1783526031.6172485,
    "data": {}
  },
  "vectorize": {
    "done": true,
    "timestamp": 1783526917.7829537,
    "data": {}
  },
  "subtitles": {
    "done": true,
    "timestamp": 1783526917.8309221,
    "data": {}
  },
  "publish": {
    "done": true,
    "timestamp": 1783526922.93486,
    "data": {}
  },
  "remotion": {
    "done": true,
    "timestamp": 1783603335.7310326,
    "data": {}
  }
}