{
  "validate": {
    "done": true,
    "timestamp": 1783693342.2635152,
    "data": {}
  },
  "validate_images": {
    "done": true,
    "timestamp": 1783693342.6820245,
    "data": {
      "issues": 0
    }
  },
  "sfx": {
    "done": true,
    "timestamp": 1783693342.6878846,
    "data": {}
  },
  "publish": {
    "done": true,
    "timestamp": 1783693516.2364893,
    "data": {}
  }
}